year,count,perc
2020,1168,17.173945008087045
2021,1427,20.982208498750186
2022,1502,22.084987501837965
2023,2704,39.7588589913248
