year,count,perc
2019,899,11.675324675324674
2020,1168,15.168831168831169
2021,1427,18.532467532467535
2022,1502,19.506493506493506
2023,2704,35.116883116883116
